conceptId,conceptEdge,contentId,requiresId,trainsId,topic,parentId,moduleGoalsId,level,elementId1,elementId2,elementId3,elementId4,elementId5,contentNodeTitle,description
2,,1.0,,2,Informatik - Eine Übersicht,1,1.0,1.0,8c795d5c-9a55-4e54-ac02-55ae1ee6acc1,,68f237eb-940b-44b3-893d-fa25c42fb960,,,,"In der Informatik spielen Algorithmen und Datenstrukturen eine zentrale Rolle, da sie die Grundlage für effiziente Problemlösungen und die Organisation von Daten bilden. Die Programmiersprache C++ bietet leistungsstarke Werkzeuge und Bibliotheken, um komplexe Algorithmen zu implementieren und verschiedene Datenstrukturen wie Arrays, Listen und Bäume effektiv zu nutzen."
3,,2.0,,"2,3",Was ist Informatik,2,1.0,1.0,15e2eed9-93eb-43a1-955e-2bb22f1cc38a,,56302158-fcdf-4415-992f-aa1cf6eda4d4,,,,"Informatik befasst sich mit der systematischen Verarbeitung von Informationen, wobei Algorithmen und Datenstrukturen zentrale Konzepte darstellen, die effiziente Problemlösungen ermöglichen. Durch die Implementierung dieser Konzepte in Programmiersprachen wie C++ können komplexe Aufgaben strukturiert und optimiert gelöst werden."
4,3,,,,Eine kurze Geschichte der Informatik,2,,,,,,,,,"Die Informatik hat sich von den frühen mechanischen Rechenmaschinen des 19. Jahrhunderts über die Entwicklung der ersten elektronischen Computer in der Mitte des 20. Jahrhunderts bis hin zu den modernen, leistungsfähigen Computern und komplexen Software-Systemen unserer Zeit entwickelt. Diese Evolution hat die Grundlage für die heutigen fortschrittlichen Algorithmen und Datenstrukturen geschaffen, die in Programmiersprachen wie C++ implementiert werden."
5,,3.0,,"2,4,5",Rechenverfahren und Rechenmaschinen,4,1.0,1.0,36ad540c-7058-4cef-839d-e2bbd06e21e6,,b3ce49b8-006b-41d0-9787-5fc750d86728,,,,"Rechenverfahren und Rechenmaschinen haben die Entwicklung der modernen Informatik maßgeblich beeinflusst, indem sie die Grundlagen für die algorithmische Problemlösung und die Automatisierung von Berechnungen gelegt haben. Diese historischen Entwicklungen bieten wertvolle Einblicke in die Funktionsweise und Optimierung heutiger Computerprogramme und Datenstrukturen."
6,5,4.0,,"2,4,6",Computer-Generationen,4,1.0,1.0,839e99ae-b003-4a02-be3b-436800034464,,db9ac09e-7307-4ae6-a7b8-dd4c03d85330,,,,"Die Entwicklung der Computer-Generationen zeigt den Fortschritt von der Nutzung von Vakuumröhren über Transistoren und integrierte Schaltkreise bis hin zu Mikroprozessoren und modernen Hochleistungsrechnern. Jede Generation brachte signifikante Verbesserungen in Bezug auf Geschwindigkeit, Effizienz und Miniaturisierung, was die Grundlage für die heutigen komplexen Algorithmen und Datenstrukturen bildet."
7,4,5.0,,"2,7",Vom Problem zum Programm,2,1.0,1.0,df5de1d1-bece-4cdb-a7d0-fd0366f7a88e,,f23d1a5d-2d08-4cac-93c7-efebfc9a021d,,,,"Der Prozess der Problemlösung in der Informatik beginnt mit der präzisen Definition des Problems und der Entwicklung eines Algorithmus, der dieses Problem effizient löst. Anschließend wird der Algorithmus in einer Programmiersprache wie C++ implementiert, wobei geeignete Datenstrukturen verwendet werden, um die Lösung effektiv zu gestalten."
8,,6.0,,"2,7,8",Wasserfallmodell,7,1.0,1.0,3da67469-6fe5-4f1d-a534-ff80a28a4deb,,ec726779-0e2a-4c4a-8179-da0aeefcdf51,,,,"Das Wasserfallmodell ist ein lineares und sequenzielles Vorgehensmodell in der Softwareentwicklung, bei dem jede Phase des Entwicklungsprozesses abgeschlossen sein muss, bevor die nächste beginnt. Es eignet sich besonders für Projekte mit klar definierten Anforderungen und wenig Änderungsbedarf während der Entwicklung."
9,2,,,,Grundlagen eines Computers,1,,,,,,,,,"Ein Computer besteht aus Hardwarekomponenten wie Prozessor, Speicher und Ein-/Ausgabegeräten, die zusammenarbeiten, um Daten zu verarbeiten und Aufgaben auszuführen. Software, insbesondere Programme und Algorithmen, steuert diese Hardware, um spezifische Probleme zu lösen und Daten effizient zu verwalten."
10,,7.0,,"9,10",Rechnerarchitektur,9,1.0,1.0,aa2cd7c7-8179-450e-b1a1-ba85d37ecdd7,,7b015b01-5611-409a-8f48-d6d15b65f21b,,,,"Rechnerarchitektur befasst sich mit dem Aufbau und der Funktionsweise von Computersystemen, einschließlich der CPU, des Speichers und der Ein- und Ausgabegeräte. Ein tiefes Verständnis dieser Komponenten ist entscheidend, um effiziente Programme zu schreiben, die die Hardware optimal nutzen."
11,,8.0,,"9,10,11",Von-Neumann-Rechnerarchitektur,10,1.0,1.0,0a39655a-d4c2-41c8-85f6-5ec22da09717,,5c4f350a-162e-4b42-894c-c437db09000c,,,,"Die Von-Neumann-Rechnerarchitektur beschreibt ein Modell, bei dem Daten und Programme im selben Speicher abgelegt werden, was eine sequentielle Verarbeitung ermöglicht. Diese Architektur bildet die Grundlage für viele moderne Computersysteme und beeinflusst die Art und Weise, wie Algorithmen implementiert und Datenstrukturen verwaltet werden."
12,,9.0,,"9,10,11,12",CPU,11,1.0,1.0,6445e117-b539-40f2-bb76-b1566a4e80b2,,4708693f-a030-47b8-bdfe-22f7deba6d87,,,,"Eine CPU (Central Processing Unit) ist das zentrale Rechenelement eines Computers, das Befehle ausführt und die grundlegenden arithmetischen, logischen und Steueroperationen durchführt. Sie spielt eine entscheidende Rolle bei der Ausführung von Programmen, indem sie die Anweisungen interpretiert und die entsprechenden Operationen auf Daten ausführt."
13,12,10.0,,"9,10,11,13",Speicher,11,1.0,1.0,d0d2c513-b488-4082-990d-f25379678d55,,860d6e39-eeae-4efd-924c-f6e9f1d941e6,,,,"Speicher ist ein zentraler Aspekt in der Informatik, da er die effiziente Verwaltung und Nutzung von Daten ermöglicht. In C++ spielt die dynamische Speicherverwaltung eine wichtige Rolle, um flexible und leistungsfähige Programme zu entwickeln."
14,13,11.0,,"9,10,11,14",Bus-System,11,1.0,1.0,37a6021d-073a-41e6-8aa9-1365b86d0e93,,fed68b70-41f4-418a-8675-6d256de0fe57,,,,"Ein Bus-System ermöglicht die Kommunikation zwischen verschiedenen Komponenten eines Computers, indem es Daten, Adressen und Steuerinformationen über gemeinsame Leitungen überträgt. Es spielt eine zentrale Rolle bei der effizienten Datenübertragung und Synchronisation zwischen Prozessor, Speicher und Peripheriegeräten."
15,11,12.0,,"9,10,15",Grundbegriffe,10,1.0,1.0,50432612-a3c9-4b10-bd03-4c7c4d725d7d,,b59943dd-6973-41b1-8eeb-ace073441589,,,,"Ein Algorithmus ist eine präzise, schrittweise Anleitung zur Lösung eines Problems oder zur Durchführung einer Aufgabe, während Datenstrukturen die Organisation und Verwaltung von Daten in einer Weise ermöglichen, die effiziente Zugriffe und Modifikationen unterstützt. Beispiele für grundlegende Datenstrukturen sind Arrays, Listen, Stapel und Warteschlangen, die jeweils unterschiedliche Vor- und Nachteile hinsichtlich Speicherbedarf und Zugriffszeiten bieten."
16,11,13.0,,"9,10,16",Betriebssysteme,10,1.0,1.0,f2e6df6b-af4d-4aa7-85f1-87748159cdeb,,d963deb1-868f-4883-b6e0-baed1ca2ea82,,,,"Betriebssysteme sind grundlegende Softwarekomponenten, die die Verwaltung von Hardware-Ressourcen und die Ausführung von Anwendungen auf einem Computer ermöglichen. Sie bieten wesentliche Dienste wie Prozessverwaltung, Speicherverwaltung und Dateisysteme, die für die effiziente Ausführung und Verwaltung von Programmen unerlässlich sind."
17,10,14.0,,"9,17",Codierung,9,1.0,1.0,d33542dd-4129-4011-8fa8-0e08857eecb4,,bdfc7172-98e0-4dbf-a005-33e59fdc9125,,,,"Codierung ist der Prozess, bei dem Algorithmen in eine für den Computer verständliche Sprache übersetzt werden, um spezifische Aufgaben effizient zu lösen. Dabei spielen Datenstrukturen eine zentrale Rolle, da sie die Organisation und Verwaltung von Daten ermöglichen, was die Leistungsfähigkeit und Skalierbarkeit der Programme maßgeblich beeinflusst."
18,,15.0,,"9,17,18",Zahlensysteme,17,1.0,1.0,86fc86c7-4b1e-45c8-a6e0-2311e6e2a900,,4abdb902-c161-4d0e-a0b2-50af9725aa01,,,,"Zahlensysteme sind fundamentale Konzepte in der Informatik, die die Darstellung und Verarbeitung von Zahlen in verschiedenen Basen wie Binär, Dezimal und Hexadezimal ermöglichen. Diese Systeme sind entscheidend für die effiziente Implementierung und Optimierung von Algorithmen sowie die Manipulation von Daten in der Programmierung."
19,18,16.0,,"9,17,19",Zahlentypen,17,1.0,1.0,2335b0cd-e475-42fd-bc3f-354b224d2086,,56348954-d65b-4e2d-a3a7-8c812fc59351,,,,"Zahlentypen sind grundlegende Datentypen, die in der Programmierung verwendet werden, um numerische Werte zu speichern und zu manipulieren. Sie umfassen Ganzzahlen (wie int und long) sowie Gleitkommazahlen (wie float und double), die jeweils unterschiedliche Speichergrößen und Genauigkeiten bieten."
20,,17.0,,"9,17,19,20",Ganze Zahlen,19,1.0,1.0,43510ba5-0f55-41e1-b02b-19f472790950,,ab246674-e971-40f8-a0fa-220ae94f7493,,,,"Ganze Zahlen sind fundamentale Datentypen, die in der Programmierung zur Darstellung und Verarbeitung diskreter Werte verwendet werden. Sie ermöglichen effiziente Berechnungen und sind essenziell für die Implementierung grundlegender Operationen und Algorithmen."
21,,18.0,,"9,17,19,20,21",Vorzeichen-Betrag-Darstellung,20,1.0,1.0,a8cbbfd3-d548-4825-b45b-59b1b2a5dcce,,9623b62f-3e76-40d1-aec0-25159cf407cc,,,,"Die Vorzeichen-Betrag-Darstellung ist eine Methode zur Repräsentation von Ganzzahlen, bei der das höchste Bit das Vorzeichen angibt und die restlichen Bits den Betrag der Zahl darstellen. Diese Darstellung ermöglicht eine einfache Implementierung grundlegender arithmetischer Operationen, erfordert jedoch spezielle Behandlungen für Addition und Subtraktion."
22,,19.0,,"9,17,19,20,22",Zweierkomplement-Darstellung,20,1.0,1.0,9f04114e-9b1a-4917-97d2-a47b671bfeed,,eb885061-ec14-4685-b041-aca2bf2f8214,,,,"Die Zweierkomplement-Darstellung ist eine Methode zur Darstellung von ganzen Zahlen im Binärsystem, die es ermöglicht, sowohl positive als auch negative Zahlen effizient zu verarbeiten. Diese Darstellung vereinfacht arithmetische Operationen und Fehlererkennung, da Addition und Subtraktion ohne spezielle Behandlung von Vorzeichen durchgeführt werden können."
23,,20.0,,"9,17,19,20,23",Biased-Notation,20,1.0,1.0,252de8f8-4430-4304-bf97-df159843c3ea,,ee91bf11-00c5-47b4-aa82-ab576d8e9e1e,,,,"Biased-Notation bezieht sich auf die Art und Weise, wie Daten und Algorithmen präsentiert werden, was bestimmte Interpretationen oder Lösungsansätze bevorzugen kann. Dies kann die Wahrnehmung und das Verständnis der Studierenden beeinflussen, indem es bestimmte Methoden oder Denkweisen hervorhebt und andere möglicherweise vernachlässigt."
24,20,21.0,,"9,17,19,24",Gleitkommazahlen,19,1.0,1.0,1b2dadf3-7b4e-469c-bc2a-a7fb0d8ff5e7,,41a49887-6d7e-4ff0-8819-42c2e307ad4e,,,,"Gleitkommazahlen sind eine Möglichkeit, reelle Zahlen in der Computerprogrammierung darzustellen, wobei sie eine flexible Genauigkeit und einen großen Wertebereich bieten. Sie sind jedoch anfällig für Rundungsfehler und erfordern sorgfältige Handhabung, um präzise Berechnungen sicherzustellen."
25,,22.0,,"9,17,19,24,25",IEEE 754,25,1.0,1.0,fa802df8-f9c1-42f5-864c-b10eeb39c28c,,a2e9bb87-4b05-4285-987c-204afae49a31,,,,"IEEE 754 ist ein Standard für die Darstellung von Gleitkommazahlen, der präzise Regeln für die Speicherung und Berechnung von Fließkommazahlen in Computern definiert. Dieser Standard gewährleistet Konsistenz und Genauigkeit bei mathematischen Operationen, was besonders wichtig für die Implementierung numerischer Algorithmen ist."
26,,23.0,,"9,17,26",Zeichen-Codierung,17,1.0,1.0,3cb2c23d-0157-4ab8-8cb6-5db933ffec32,,32c639e7-03f2-465e-971d-a921e134d29b,,,,"Zeichen-Codierung ist ein grundlegendes Konzept, das die Zuordnung von Zeichen zu numerischen Werten definiert, um die Speicherung und Verarbeitung von Text in Computersystemen zu ermöglichen. Bekannte Standards wie ASCII und Unicode spielen dabei eine zentrale Rolle, um eine einheitliche Darstellung und Interpretation von Zeichen über verschiedene Plattformen hinweg sicherzustellen."
27,26,24.0,,"9,17,27",Informations-Codierung,17,1.0,1.0,d3055756-b82e-41f7-9509-d773f81f0ec4,,73c6440c-121b-4780-abf1-01bdab88457d,,,,"Informations-Codierung bezieht sich auf die Art und Weise, wie Daten in einer für Computer verständlichen Form dargestellt und gespeichert werden. Dies umfasst Techniken zur effizienten Speicherung, Übertragung und Verarbeitung von Daten, um die Leistung und Zuverlässigkeit von Softwareanwendungen zu optimieren."
28,,25.0,,"9,17,27,28",Information,27,1.0,1.0,0c04f0bc-4921-4322-b79e-d577ef6c65dd,,ca95e2a9-7472-4e2c-b02d-1a9be9616f81,,,,"Information ist die Grundlage für die Verarbeitung und Analyse in der Informatik, wobei sie in verschiedenen Formen wie Zahlen, Texten oder Bildern vorliegen kann. Effiziente Algorithmen und geeignete Datenstrukturen sind entscheidend, um diese Information zu speichern, zu organisieren und zu manipulieren, um nützliche Ergebnisse zu erzielen."
29,28,26.0,,"9,17,27,29",Entropie,27,1.0,1.0,e47a6d82-1ae0-49f2-a6c5-8151d9695087,,f4e155d7-b8e6-4e5e-9b8a-14ddb11e5777,,,,"Entropie beschreibt das Maß an Unordnung oder Zufälligkeit in einem System und spielt eine zentrale Rolle bei der Analyse der Effizienz von Algorithmen, insbesondere in Bezug auf die Datenkompression und Informationsverarbeitung. Ein tieferes Verständnis der Entropie hilft dabei, die theoretischen Grenzen der Datenkomprimierung zu erkennen und effizientere Algorithmen zu entwickeln."
30,28,27.0,,"9,17,27,30",Runlength-Codierung,27,1.0,1.0,d550745b-0ea5-422d-8822-c4bfb0b64ee4,,e821c40a-4dc5-4b17-91e8-962adabd2810,,,,"Die Runlength-Codierung ist ein einfaches Verfahren zur Datenkompression, bei dem aufeinanderfolgende gleiche Zeichen durch ein einzelnes Zeichen und eine Zählangabe ersetzt werden. Dieses Verfahren ist besonders effizient bei der Komprimierung von Daten mit vielen wiederholten Zeichenfolgen, wie sie häufig in Bild- und Textdateien vorkommen."
31,28,28.0,,"9,17,27,31",Huffman-Codierung,27,1.0,1.0,a34120ae-eb0b-4e71-9a4d-5fffe5b42939,,06bfb1cc-fa70-4d96-bd0e-82858834e6f3,,,,"Die Huffman-Codierung ist ein verlustfreies Kompressionsverfahren, das Zeichen basierend auf ihrer Häufigkeit in einer Nachricht kodiert, um die durchschnittliche Länge der Kodierung zu minimieren. Durch die Erstellung eines binären Baums, bei dem häufiger auftretende Zeichen kürzere Codes erhalten, wird eine effiziente Datenkompression erreicht."
32,9,,,,Grundlagen zur Entwicklung von Software,1,,,,,,,,,"Die Entwicklung von Software erfordert ein tiefes Verständnis grundlegender Konzepte wie Algorithmen und Datenstrukturen, die effiziente Problemlösungen und Datenorganisation ermöglichen. Durch die Anwendung dieser Konzepte in einer Programmiersprache wie C++ können Entwickler leistungsfähige und skalierbare Anwendungen erstellen."
33,,29.0,,"32,33",Formale Sprachen,32,1.0,1.0,f425f69a-9d04-4b4c-8867-66f0ba9c98bf,,9bab84bc-d7d3-4240-8e9a-70a7cefa2c2a,,,,"Formale Sprachen sind mathematische Modelle zur Beschreibung und Analyse von Syntax und Struktur von Programmiersprachen, die es ermöglichen, Regeln für die korrekte Bildung von Ausdrücken und Anweisungen zu definieren. Sie spielen eine zentrale Rolle bei der Entwicklung von Compilern und Interpretern, indem sie die Grundlage für die syntaktische Analyse und die Erkennung von Fehlern in Quellcode bilden."
34,,30.0,,"32,33,34",Reguläre Sprachen,33,1.0,1.0,dc08f279-3a56-4d80-b707-e6899e69774e,,c7de03fd-493d-43f1-a0f0-3c7987c701b7,,,,"Reguläre Sprachen sind formale Sprachen, die durch reguläre Ausdrücke beschrieben werden können und von endlichen Automaten erkannt werden. Sie sind entscheidbar und spielen eine zentrale Rolle bei der Mustererkennung und der lexikalischen Analyse in der Informatik."
35,34,31.0,,"32,33,35",Backus-Naur-Form,33,1.0,1.0,e1e31c74-25bc-4ffc-97ea-023e24ddc98f,06862a6c-c20b-43f6-a30a-faf937c07397,b285b60c-7ac3-49d2-89c1-75276be39b4c,8d03ca53-cd30-46b2-ac34-5ad1e396d9f2,,,"Die Backus-Naur-Form (BNF) ist eine formale Notation zur Beschreibung der Syntax von Programmiersprachen und wird verwendet, um die grammatikalischen Regeln präzise zu definieren. Sie ermöglicht es, komplexe Sprachkonstrukte durch einfache, rekursive Regeln darzustellen, was die Analyse und Implementierung von Compiler- und Parser-Technologien erleichtert."
36,,32.0,,"32,33,35,36",Ableitungssequenz,35,1.0,1.0,05cd6d64-48a1-4e92-858b-7b58af1ad47e,,888cc0e6-b64c-48bc-9971-b727031b7543,,,,"Eine Ableitungssequenz beschreibt die schrittweise Anwendung von Produktionsregeln, um von einem Startsymbol zu einer Zielstruktur zu gelangen. Sie ist ein zentrales Konzept zur Analyse und Konstruktion von formalen Sprachen und Grammatiken, die in der Informatik zur Definition und Verarbeitung von Syntax verwendet werden."
37,36,33.0,,"32,33,35,37",Ableitungsbaum,35,1.0,1.0,290b7336-ac7e-445a-bf22-476d16ff6075,,47d45b9d-bd66-4d3a-a24a-4568ac206a68,,,,"Ein Ableitungsbaum ist eine hierarchische Struktur, die die syntaktische Analyse eines Ausdrucks oder Satzes in einer formalen Sprache darstellt, indem er die Ableitungsregeln der Grammatik anwendet. Er visualisiert, wie ein Startsymbol schrittweise in eine Folge von Terminalsymbolen umgewandelt wird, und ist ein zentrales Werkzeug zur Veranschaulichung der syntaktischen Struktur von Programmen."
38,37,34.0,,"32,33,35,38",Eindeutigkeit,35,1.0,1.0,cd6ce3b7-ac0c-4aec-92c6-634add32c56e,,6a8adde9-cdb8-46a8-8071-ac9c3420ebd1,,,,"Eindeutigkeit ist entscheidend, um sicherzustellen, dass jeder Schritt eines Prozesses klar definiert und ohne Mehrdeutigkeit ausgeführt werden kann. Dies ermöglicht eine präzise und fehlerfreie Umsetzung von Anweisungen, was besonders in komplexen Systemen von großer Bedeutung ist."
39,38,35.0,,"32,33,35,39",Bindungsregeln,35,1.0,1.0,eed97751-278d-4735-b9f5-b137ed7d26b2,,eae141fc-661b-4b0d-931f-24bbd4b74381,,,,"Bindungsregeln bestimmen, wie Variablen und Funktionen in einem Programm verknüpft und aufgerufen werden, was entscheidend für die korrekte Ausführung und Wartung des Codes ist. Sie beeinflussen die Sichtbarkeit und Lebensdauer von Variablen, was besonders wichtig ist, um Fehler zu vermeiden und die Effizienz des Programms zu gewährleisten."
40,39,36.0,,"32,33,35,40",Syntaxdiagramm,35,1.0,1.0,a6ae4ffa-4cce-4081-8eac-b821d1dd4b59,,1767abfa-133e-427a-9d96-3b2b94f0fd68,,,,"Ein Syntaxdiagramm ist ein grafisches Werkzeug zur Darstellung der Struktur von Programmiersprachen und dient dazu, die Regeln und Syntax einer Sprache visuell verständlich zu machen. Es hilft dabei, komplexe Sprachkonstrukte zu veranschaulichen und erleichtert das Verständnis und die Implementierung von Code."
41,40,37.0,,"32,33,35,41",Verarbeitung im Rechner,35,1.0,1.0,0324e70b-a08c-4f37-8fda-2557eafdf1b1,,c935786a-1caf-48cb-9997-6b95933d14af,,,,"Die Verarbeitung im Rechner umfasst die Ausführung von Anweisungen und die Manipulation von Daten durch die zentrale Verarbeitungseinheit (CPU) unter Verwendung von Speicherressourcen. Effiziente Algorithmen und gut strukturierte Datenstrukturen sind entscheidend, um die Leistung und Effektivität dieser Prozesse zu maximieren."
42,,38.0,,"32,42",Logik,32,1.0,1.0,d0c03093-96f3-4811-86fb-40f7b3a3be5c,,d3faef9a-651b-465e-8164-a63b747bf73e,,,,"Logik bildet die Grundlage für das Verständnis und die Entwicklung von Algorithmen, indem sie klare Regeln und Strukturen für die Verarbeitung von Daten definiert. Sie ermöglicht es, komplexe Probleme systematisch zu analysieren und effiziente Lösungen zu entwerfen, die in Programmiersprachen wie C++ implementiert werden können."
43,,39.0,,"32,42,43",Aussagenlogik,42,1.0,1.0,1067715c-4100-4ed7-93fe-d73deadcc4c6,,a1927d3a-d374-46c9-8627-d70861fcd58f,,,,"Die Aussagenlogik bildet die Grundlage für das Verständnis logischer Operationen und Bedingungen, die in der Programmierung zur Steuerung des Programmflusses verwendet werden. Sie ermöglicht es, komplexe logische Ausdrücke zu formulieren und zu evaluieren, was essenziell für die Implementierung effizienter Algorithmen und Datenstrukturen ist."
44,,40.0,,"32,42,43,44",Normalformen,43,1.0,1.0,3362e09d-d1e5-4518-83fd-90e7392ccfa8,,81152875-9b8e-4389-86fb-03f2cc71c939,,,,"Normalformen sind standardisierte Darstellungsformen von Datenbankrelationen, die dazu dienen, Redundanzen zu minimieren und Anomalien bei Datenmanipulationen zu vermeiden. Sie werden durch schrittweise Anwendung von Regeln erreicht, die sicherstellen, dass die Datenbankstruktur effizient und konsistent bleibt."
45,,41.0,,"32,43,45",Prädikatenlogik,42,1.0,1.0,aa50e6b0-c23f-4302-a4fa-88968125633d,,e7cfa6aa-42b4-4966-b2d8-3458a0251034,,,,"Die Prädikatenlogik ist ein formales System in der Mathematik und Informatik, das Aussagen über Objekte und deren Beziehungen zueinander beschreibt und analysiert. Sie ermöglicht die präzise Formulierung und Überprüfung von Bedingungen und Regeln, was essenziell für die Entwicklung und Analyse komplexer Algorithmen ist."
46,,42.0,,"32,43,45,46",Quantoren,45,1.0,1.0,bbdb26e7-c20e-43a5-b241-60d6baf9cd8d,,3b0f9ee3-a3ac-4792-bcee-105a8f040127,,,,"Quantoren sind logische Operatoren, die in der Mathematik und Informatik verwendet werden, um Aussagen über Mengen von Elementen zu formulieren. Es gibt zwei Haupttypen von Quantoren: der Allquantor (∀), der angibt, dass eine Aussage für alle Elemente einer Menge gilt, und der Existenzquantor (∃), der besagt, dass es mindestens ein Element in der Menge gibt, für das die Aussage zutrifft."
47,,43.0,,"32,47",Rekursion,32,1.0,1.0,125eb817-887e-49b0-86d2-564968b0b454,,f8f828ae-1fda-4e04-93ef-3f62fb4c45c3,,,,"Rekursion ist eine Programmiertechnik, bei der eine Funktion sich selbst aufruft, um ein Problem in kleinere, leichter lösbare Teilprobleme zu zerlegen. Diese Methode ist besonders nützlich für Aufgaben wie das Durchlaufen von Datenstrukturen oder das Lösen von mathematischen Problemen, die sich natürlich in rekursive Schritte unterteilen lassen."
48,,44.0,,"32,47,48",Lineare Rekursion,47,1.0,1.0,5ccbb8dd-bb83-48bd-9027-b29e0272b0b5,,a23bb305-861b-41f6-9397-84badc1a0c57,,,,"Lineare Rekursion ist eine Technik, bei der eine Funktion sich selbst aufruft, um ein Problem in kleinere, einfachere Teilprobleme zu zerlegen, bis eine Basisbedingung erreicht wird. Diese Methode ist besonders nützlich für Aufgaben wie das Durchlaufen von Datenstrukturen oder das Lösen von mathematischen Problemen, die sich rekursiv definieren lassen."
49,48,45.0,,"32,47,49",Primitive Rekursion,47,1.0,1.0,d24434d0-e33b-4ba7-8828-e0bb230a0683,,47704071-bdc0-41da-bd90-5b640af582d6,,,,"Primitive Rekursion ist eine Methode zur Definition von Funktionen, bei der eine Funktion sich selbst aufruft, um ein Problem in kleinere Teilprobleme zu zerlegen und diese rekursiv zu lösen. Diese Technik wird häufig verwendet, um mathematische Funktionen wie die Fakultät oder die Fibonacci-Folge zu berechnen, und ist ein grundlegendes Konzept in der algorithmischen Problemlösung."
50,49,46.0,,"32,47,50",Endrekursion,47,1.0,1.0,bf7b4ec2-c4ef-4c3b-ab5b-cba5eb7f7045,,4dd613f0-d565-4388-bb29-ff82622e1604,,,,"Endrekursion ist eine spezielle Form der Rekursion, bei der der rekursive Aufruf die letzte Aktion einer Funktion ist, was es dem Compiler ermöglicht, die Rekursion in eine Schleife umzuwandeln und so den Speicherverbrauch zu optimieren. Diese Technik kann die Effizienz von Algorithmen erheblich verbessern, indem sie den Overhead von Funktionsaufrufen reduziert und Stack-Überläufe verhindert."
51,50,47.0,,"32,47,51","Nichtlineare, baumartige Rekursion",47,1.0,1.0,df299beb-5a6a-4536-9656-cdc2aa0be58e,,78663400-c528-4c93-9d9e-440257bb0f13,,,,"Nichtlineare, baumartige Rekursion tritt auf, wenn eine Funktion sich selbst mehrfach innerhalb ihrer Definition aufruft, was zu einer rekursiven Struktur führt, die einem Baum ähnelt. Diese Technik wird häufig verwendet, um komplexe Probleme wie die Berechnung von Fibonacci-Zahlen oder das Durchsuchen von Entscheidungsbäumen effizient zu lösen."
52,,48.0,,"32,52",Aufwandsabschätzung,32,1.0,1.0,1f164985-9815-4d09-838d-ce14722b156a,,bc851f1e-ceec-45f9-b160-2ff491913cdb,,,,"Aufwandsabschätzung ist ein wesentlicher Bestandteil der Analyse von Algorithmen, da sie hilft, die Effizienz und Skalierbarkeit von Lösungen zu bewerten. Durch die Bewertung von Zeit- und Speicherkomplexität können Entwickler fundierte Entscheidungen treffen und optimierte Programme erstellen."
53,,49.0,,"32,52,53",Laufzeit,52,1.0,1.0,624fc121-aa8d-4f5e-bfc4-0c985aa1db34,,d47c5de0-6b24-4da8-a03c-0242443d0a47,,,,"Die Laufzeit eines Programms beschreibt, wie lange es dauert, bis ein Algorithmus seine Aufgabe abgeschlossen hat, und ist ein entscheidender Faktor für die Effizienz und Leistungsfähigkeit von Software. Durch die Analyse und Optimierung der Laufzeit können Entwickler sicherstellen, dass ihre Programme auch bei großen Datenmengen und komplexen Aufgaben schnell und zuverlässig arbeiten."
54,,50.0,,"32,52,54",Asymptotische Komplexität (O-Notation),52,1.0,1.0,58eb8775-5671-4f78-8989-82a68b820529,,c2e37c6e-63b0-4da6-8d8a-29a6b87119d5,,,,"Die asymptotische Komplexität, oft durch die O-Notation ausgedrückt, beschreibt das Verhalten der Laufzeit oder des Speicherbedarfs eines Algorithmus in Abhängigkeit von der Größe der Eingabedaten. Sie ermöglicht es, die Effizienz von Algorithmen unabhängig von spezifischen Implementierungsdetails oder Hardware zu vergleichen, indem sie das Wachstum der Ressourcenanforderungen bei zunehmender Problemgröße charakterisiert."
55,,51.0,,"32,52,54,55",Komplexitätsklassen,54,1.0,1.0,91ec31f2-6a55-4df7-9411-eaa059c982df,ab188992-b8d3-471c-b35c-bcff562d2a23,6d0307c5-f75f-4e09-b888-4e9e9adc4ec3,6e7301df-c5a3-4d2d-9255-92250ad6976f,,,"Komplexitätsklassen kategorisieren Probleme basierend auf dem Ressourcenaufwand, den ein Algorithmus benötigt, um sie zu lösen, insbesondere hinsichtlich Zeit und Speicherplatz. Diese Klassifizierung hilft dabei, die Effizienz von Algorithmen zu bewerten und zu vergleichen, was entscheidend für die Entwicklung leistungsfähiger Software ist."
56,,102.0,,"32,56",Programmiersprachen,32,1.0,1.0,c550d4ab-4f57-4498-b665-c76d2491ce8f,,2c4bd0d7-9d10-4005-9914-3f525619aca6,,,,"Programmiersprachen sind Werkzeuge, die es ermöglichen, komplexe Probleme durch präzise Anweisungen an den Computer zu lösen. Sie bieten verschiedene Abstraktionsebenen und Konzepte, die es Entwicklern erleichtern, effiziente und gut strukturierte Software zu erstellen."
57,,103.0,,"32,56,57",Programmierumgebung,56,1.0,1.0,7025c6df-969e-4800-8bf8-6d89559ea4fd,,6eab38e5-7cdd-44aa-b538-f48a1ac8a553,,,,"Eine geeignete Programmierumgebung erleichtert das Schreiben, Testen und Debuggen von Code erheblich, indem sie Werkzeuge wie Syntaxhervorhebung, Autovervollständigung und integrierte Debugger bereitstellt. Durch die Nutzung einer solchen Umgebung können Studierende effizienter arbeiten und sich besser auf das Verständnis und die Implementierung von Konzepten konzentrieren."
58,,104.0,,"32,56,58",Typen von Programmiersprachen,56,1.0,1.0,6f1780b5-0816-42ab-afa5-7a4fb3cdbe32,,c5d1fb60-3a4d-4717-9718-fee7a7603485,,,,"Programmiersprachen lassen sich in verschiedene Typen einteilen, darunter imperativ, funktional, objektorientiert und deklarativ, wobei jede Kategorie unterschiedliche Paradigmen und Ansätze zur Problemlösung bietet. C++ ist eine multiparadigmatische Sprache, die hauptsächlich imperativ und objektorientiert ist, aber auch funktionale und generische Programmierkonzepte unterstützt, was sie vielseitig und leistungsfähig für die Implementierung komplexer Algorithmen und Datenstrukturen macht."
59,58,105.0,,"32,56,59",C++,56,1.0,1.0,90653f95-07c4-499e-8137-48291b4a8252,,96229c94-135b-433b-93f4-e0789c0b7608,,,,"C++ ist eine leistungsstarke Programmiersprache, die sowohl prozedurale als auch objektorientierte Programmierparadigmen unterstützt und sich besonders gut für die Implementierung komplexer Algorithmen und Datenstrukturen eignet. Durch seine umfangreiche Standardbibliothek und die Möglichkeit zur direkten Speicherverwaltung bietet C++ Entwicklern die Flexibilität und Effizienz, die für die Lösung anspruchsvoller Probleme erforderlich sind."
60,,106.0,,"32,56,59,60",Kommentare,59,1.0,1.0,c9c5cc69-c494-45fe-bbbf-d352022e6410,,326e0ec5-5437-4e54-a6ed-436b51225f09,,,,"Kommentare sind essenziell, um den Code verständlicher zu machen, indem sie den Zweck und die Funktionsweise von Codeabschnitten erläutern. Sie helfen nicht nur anderen Entwicklern, den Code leichter zu verstehen, sondern auch dem ursprünglichen Autor, sich später besser in den eigenen Code hineinzuversetzen."
61,,107.0,,"32,56,59,61",Ausdrücke und Anweisungen,59,1.0,1.0,9b0cafa7-56a8-4ab2-83c0-260dc6de5d3b,,683da0c8-ad21-4f96-b03e-846418adbc4e,,,,"Ausdrücke sind Kombinationen von Operanden und Operatoren, die einen Wert ergeben, während Anweisungen spezifische Aktionen ausführen, wie Zuweisungen oder Kontrollstrukturen. Beide Konzepte sind grundlegend, um logische Abläufe und Datenmanipulationen in Programmen zu realisieren."
62,,108.0,,"32,56,59,62",Bezeichner,59,1.0,1.0,6033eeb9-3f76-47b2-bdbc-8dce061e5b2a,,7ba1f4a6-f590-4a2d-9200-55339ca4011c,,,,"Bezeichner sind Namen, die Variablen, Funktionen, Klassen und anderen Elementen im Code zugewiesen werden, um sie eindeutig zu identifizieren und zu referenzieren. Sie müssen bestimmten Regeln folgen, wie dem Beginn mit einem Buchstaben oder Unterstrich und der Vermeidung von reservierten Schlüsselwörtern, um die Lesbarkeit und Wartbarkeit des Codes zu gewährleisten."
63,,109.0,,"32,56,59,63",Primitive Datentypen,59,1.0,1.0,1bde16d3-16c9-4bfa-b34f-1fd9b62bf9be,,f1a4cfc8-1428-4bac-9a82-98505313201c,,,,"Primitive Datentypen sind die grundlegenden Bausteine in der Programmierung, die einfache Werte wie Ganzzahlen, Gleitkommazahlen, Zeichen und boolesche Werte darstellen. Sie sind entscheidend für die effiziente Speicherung und Verarbeitung von Daten, da sie direkt von der Hardware unterstützt werden und eine feste Größe im Speicher haben."
64,61,110.0,,"32,56,59,64",Variablen,59,1.0,1.0,d74512be-4c8e-4f5a-a028-85a5ea913d27,,752d7715-9c0d-4427-825d-b594d22d0493,,,,"Variablen sind benannte Speicherorte, die zur Speicherung von Datenwerten verwendet werden und deren Typ den Bereich und die Art der zulässigen Operationen bestimmt. Sie ermöglichen es, Daten während der Programmausführung zu speichern, zu manipulieren und abzurufen, was für die Implementierung von logischen Abläufen und Algorithmen unerlässlich ist."
65,64,111.0,,"32,56,59,65",Konstanten,59,1.0,1.0,3bff7e33-70cd-40e5-99f1-529659c5ce1e,,fae80434-2330-4cdf-9c8a-80db4ff82162,,,,"Konstanten sind unveränderliche Werte, die während der Programmausführung nicht modifiziert werden können und somit für stabile und vorhersehbare Programmabläufe sorgen. Sie verbessern die Lesbarkeit und Wartbarkeit des Codes, indem sie klare und verständliche Namen für feste Werte bereitstellen."
66,61,112.0,,"32,56,59,66",Operatoren,59,1.0,1.0,0097251f-7ab7-47b5-b208-149c46c750b9,,81988bff-a822-416a-b5a1-deeff4c05054,,,,"Operatoren sind grundlegende Bausteine in der Programmierung, die es ermöglichen, Operationen auf Variablen und Konstanten durchzuführen, wie z.B. arithmetische Berechnungen, logische Vergleiche und Zuweisungen. Sie spielen eine entscheidende Rolle bei der Manipulation von Daten und der Steuerung des Programmflusses, was sie zu einem unverzichtbaren Werkzeug für die Entwicklung effizienter und funktionaler Programme macht."
67,,113.0,,"32,56,59,66,67",Logische Operatoren,66,1.0,1.0,2e36ccfa-0804-4278-b793-55f28848a200,,9e0dfd63-c6b5-4b89-b4e3-d54c42a454e5,,,,"Logische Operatoren sind grundlegende Werkzeuge in der Programmierung, die es ermöglichen, komplexe Bedingungen durch die Kombination einfacher Ausdrücke zu formulieren. In C++ umfassen diese Operatoren ""&&"" (logisches UND), ""||"" (logisches ODER) und ""!"" (logisches NICHT), die zur Steuerung des Programmflusses und zur Entscheidungsfindung verwendet werden."
68,,114.0,,"32,56,59,66,67,68",Verknüpfen,67,1.0,1.0,28a26f84-99c8-45b8-9138-0bc50f46750f,,7633f122-694a-4450-9c02-b7cf9f056c7e,,,,"Das Verknüpfen von Datenstrukturen ermöglicht die effiziente Verwaltung und Manipulation von Daten, indem Elemente dynamisch miteinander verbunden werden. Dies fördert die Entwicklung flexibler und leistungsfähiger Programme, die auf unterschiedliche Anforderungen und Datenmengen reagieren können."
69,,115.0,,"32,56,59,66,67,69",Vergleichen,67,1.0,1.0,81ea71c2-15ab-4a75-b292-6b0fe71f7dc2,,e419f295-b1fb-409d-a25f-ff97170c4c0b,,,,"Das Vergleichen von Elementen ist eine grundlegende Operation, die in vielen Algorithmen und Datenstrukturen verwendet wird, um Ordnung und Effizienz zu gewährleisten. Durch den Einsatz von Vergleichsoperatoren können Programme Entscheidungen treffen, Daten sortieren und suchen sowie optimale Lösungen für verschiedene Probleme finden."
70,,116.0,,"32,56,59,66,70",Bit-Operatoren,66,1.0,1.0,7f8ea0f8-360d-4d4d-b7d1-5dc2af26d08d,,97718b59-71e6-479a-8188-0e48085960fd,,,,"Bit-Operatoren ermöglichen die direkte Manipulation einzelner Bits innerhalb von Datentypen, was zu effizienteren Speicher- und Laufzeitoperationen führen kann. Sie sind besonders nützlich für Aufgaben wie das Setzen, Löschen oder Überprüfen bestimmter Bits und werden häufig in Bereichen wie der Optimierung von Algorithmen und der Implementierung von Datenstrukturen verwendet."
71,61,117.0,,"32,56,59,71",Blöcke und Geltungsbereiche,59,1.0,1.0,7d4b6174-32b2-45f9-8237-138848fc9a85,,8b60c294-b280-4c79-9533-563e45befa48,,,,"Blöcke in der Programmierung definieren Bereiche, in denen Variablen und Anweisungen zusammengefasst werden, wodurch die Sichtbarkeit und Lebensdauer von Variablen kontrolliert wird. Geltungsbereiche bestimmen, wo im Code eine Variable zugänglich ist, was hilft, Namenskonflikte zu vermeiden und die Struktur des Programms zu organisieren."
72,64,,,,Kontrollstrukturen,59,,,,,,,,,"Kontrollstrukturen sind essenzielle Bausteine in der Programmierung, die den Ablauf und die Ausführung von Code steuern. Sie umfassen bedingte Anweisungen wie if-else, Schleifen wie for und while sowie Sprunganweisungen wie break und continue, die es ermöglichen, komplexe logische Abläufe und Wiederholungen effizient zu gestalten."
73,,118.0,,"32,56,59,72,73",if-Anweisung,72,1.0,1.0,771efae8-4715-4269-b11a-f9e94187f415,,35ed0662-5f1e-4807-8158-d2baaa197390,,,,"Die if-Anweisung ermöglicht es, bedingte Ausführungen von Codeblöcken basierend auf booleschen Ausdrücken zu steuern. Sie ist ein grundlegendes Kontrollstrukturwerkzeug, das es erlaubt, Entscheidungen im Programmablauf zu treffen und unterschiedliche Pfade je nach den gegebenen Bedingungen zu verfolgen."
74,73,,,,Schleifen,72,,,,,,,,,"Schleifen sind Kontrollstrukturen, die es ermöglichen, einen Codeblock wiederholt auszuführen, solange eine bestimmte Bedingung erfüllt ist. In C++ gibt es verschiedene Arten von Schleifen, wie die for-Schleife, while-Schleife und do-while-Schleife, die jeweils für unterschiedliche Anwendungsfälle geeignet sind."
75,,119.0,,"32,56,59,72,74,75",while-Schleife,74,1.0,1.0,ea2862d2-1be4-4e66-a529-d52d92bfb74c,,c0e72b2a-db8c-41cb-ad2a-3182f2fd1082,,,,"Eine while-Schleife in C++ wiederholt einen Codeblock, solange eine bestimmte Bedingung erfüllt ist, was sie ideal für Situationen macht, in denen die Anzahl der Iterationen im Voraus nicht bekannt ist. Sie wird häufig verwendet, um durch Datenstrukturen wie Arrays oder Listen zu iterieren, bis ein bestimmtes Kriterium erreicht wird."
76,75,120.0,,"32,56,59,72,74,76",do-while-Schleife,74,1.0,1.0,6890870c-f855-4a1e-8830-b20a64becaa4,,c0e72b2a-db8c-41cb-ad2a-3182f2fd1082,,,,"Die do-while-Schleife in C++ ist eine Kontrollstruktur, die mindestens einmal ausgeführt wird, bevor die Bedingung am Ende der Schleife überprüft wird. Sie eignet sich besonders für Situationen, in denen der Schleifeninhalt mindestens einmal durchlaufen werden muss, unabhängig davon, ob die Bedingung zu Beginn wahr ist."
77,,121.0,,"32,56,59,72,74,77",for-Schleife,74,1.0,1.0,d5a1e707-aa2d-4c46-9638-ca7636ab9377,,793a7552-9169-411e-9bb7-f86a29abf204,,,,"Eine for-Schleife ermöglicht es, eine Anweisung oder einen Block von Anweisungen wiederholt auszuführen, solange eine bestimmte Bedingung erfüllt ist. Sie besteht typischerweise aus einer Initialisierung, einer Bedingung und einer Iteration, die in einer kompakten Syntax zusammengefasst sind, was sie besonders nützlich für die Verarbeitung von Arrays und anderen Datenstrukturen macht."
78,73,122.0,,"32,56,59,72,78",switch,72,1.0,1.0,4e0114e3-bbeb-42ae-9f4e-e851476d829c,,19647b2f-8945-4baa-be7d-fb3e2a0c3273,,,,"Ein ""switch""-Statement ermöglicht die Auswahl und Ausführung eines von mehreren Codeblöcken basierend auf dem Wert einer Variablen oder eines Ausdrucks. Es bietet eine übersichtliche Alternative zu mehreren ""if-else""-Bedingungen und verbessert die Lesbarkeit und Wartbarkeit des Codes."
79,64,123.0,,"32,56,59,79",Arrays,59,1.0,1.0,f95f6a40-b2fa-4e9a-84e7-b92a3c331a8a,,78b59fcd-cf70-4bb5-b81f-d038635b9a30,,,,"Arrays sind Datenstrukturen, die eine feste Anzahl von Elementen desselben Typs in einer sequenziellen Anordnung speichern und direkten Zugriff auf jedes Element über seinen Index ermöglichen. Sie sind besonders nützlich für die effiziente Speicherung und den schnellen Zugriff auf große Mengen von Daten, was sie zu einem grundlegenden Werkzeug in der Programmierung macht."
80,,124.0,,"32,56,59,79,80",mehrdimensional,79,1.0,1.0,9ae29bbb-08df-4bf5-a1cb-1bbdffb3df6a,,32dfea03-4b1b-474d-860f-0f24f1215ccb,,,,"Mehrdimensionale Arrays ermöglichen die Speicherung und den Zugriff auf Daten in mehreren Dimensionen, was besonders nützlich für die Darstellung von Matrizen oder Tabellen ist. Sie bieten eine strukturierte Möglichkeit, komplexe Datenmengen effizient zu organisieren und zu verarbeiten."
81,,125.0,,"32,56,59,79,81",Strings,79,1.0,1.0,5515148a-71db-498e-97b1-daff47dff97e,,1d2c5226-93df-41f6-abff-cf5ff594f249,,,,"Strings sind in C++ eine Folge von Zeichen, die zur Darstellung und Manipulation von Text verwendet werden. Sie bieten eine Vielzahl von Funktionen zur Bearbeitung, wie das Zusammenfügen, Durchsuchen und Ersetzen von Zeichenfolgen, und sind ein grundlegendes Werkzeug für die Textverarbeitung in der Programmierung."
82,64,126.0,,"32,56,59,82",Referenzen,59,1.0,1.0,4ffdd2c0-991b-494d-8200-6dd5ff21ed4d,,030c8b6a-1c78-48b7-83b4-cfb620fe8cb6,,,,"Referenzen ermöglichen es, Variablen indirekt zu manipulieren, indem sie eine alternative Bezeichnung für eine bereits existierende Variable bereitstellen. Sie sind besonders nützlich, um Speicherplatz zu sparen und die Effizienz von Funktionen zu erhöhen, indem sie Änderungen direkt an den Originaldaten vornehmen, ohne Kopien zu erzeugen."
83,,127.0,,"32,56,59,82,83",Zeiger,82,1.0,1.0,27da0183-2eb4-4ae9-b04d-fc32e8aaca6f,,89d5b20a-ff7d-47ad-b365-c6a143d211a3,,,,"Zeiger sind Variablen, die die Speicheradresse einer anderen Variablen speichern und ermöglichen so den direkten Zugriff und die Manipulation von Speicherinhalten. Sie sind besonders nützlich für die dynamische Speicherverwaltung und die Implementierung komplexer Datenstrukturen wie verketteten Listen und Bäumen."
84,82,128.0,,"32,56,59,84",Speicherklassen und -verwaltung,59,1.0,1.0,b6fe578a-d237-4353-a3c2-6c4e031832a8,,26f7ee7b-11f2-45f3-97ea-8da68193de5d,,,,"Speicherklassen in C++ bestimmen die Lebensdauer und den Gültigkeitsbereich von Variablen, wobei es vier Haupttypen gibt: automatisch, statisch, extern und register. Die Speicherverwaltung umfasst Techniken wie dynamische Speicherzuweisung und -freigabe, um effiziente Nutzung und Vermeidung von Speicherlecks zu gewährleisten."
85,61,129.0,,"32,56,59,85",Funktionen,59,1.0,1.0,052893b4-d244-42a3-a920-be3e59bbc91f,,37bec6be-eb2b-475d-9768-c81189611bdd,,,,"Funktionen sind grundlegende Bausteine, die es ermöglichen, wiederverwendbaren und modularen Code zu schreiben, indem sie spezifische Aufgaben in klar definierte Abschnitte unterteilen. Sie fördern die Strukturierung und Wartbarkeit von Programmen, indem sie komplexe Probleme in kleinere, handhabbare Teile zerlegen."
86,,130.0,,"32,56,59,85,86",Parameterübergabe,85,1.0,1.0,02414ef0-4bc2-4823-a94c-3f71e7d57180,,423d3275-8152-4f36-8273-adfef0d5ccf5,,,,"Bei der Parameterübergabe in C++ gibt es zwei Hauptmethoden: Call-by-Value und Call-by-Reference. Während Call-by-Value eine Kopie des Arguments an die Funktion übergibt, ermöglicht Call-by-Reference der Funktion, direkt auf das Originalargument zuzugreifen und es zu verändern."
87,,131.0,,"32,56,59,85,87",Überladen von Funktionen,85,1.0,1.0,0d39f7fb-cc90-483b-98cf-988a38d088ef,,5e562013-9d22-415f-a30b-8adf2aa9e1de,,,,"Das Überladen von Funktionen ermöglicht es, mehrere Funktionen mit demselben Namen, aber unterschiedlichen Parameterlisten zu definieren, wodurch der Code flexibler und lesbarer wird. Diese Technik erleichtert die Implementierung von Algorithmen, indem sie die Wiederverwendbarkeit und Anpassungsfähigkeit von Funktionen erhöht."
88,87,132.0,,"32,56,59,85,88",Prototypen,85,1.0,1.0,a5a985a5-4eb1-4752-ad52-f67dcdcdf8d8,,c07aeba7-fc99-4dfb-bffa-b076405e4372,,,,"Prototypen dienen dazu, die Struktur und Funktionalität von Programmen zu skizzieren, bevor die vollständige Implementierung erfolgt. Sie ermöglichen es, frühzeitig Fehler zu erkennen und die Effizienz von Algorithmen zu testen, was die Entwicklung robuster und optimierter Software erleichtert."
89,86,133.0,,"32,56,59,85,89",main-Funktion,85,1.0,1.0,257d6f5e-3adc-4a36-8fc5-489f41bba357,,a4a7753a-764d-4564-8c62-636fc8018c33,,,,"Die main-Funktion ist der Einstiegspunkt eines jeden C++-Programms und wird automatisch beim Programmstart aufgerufen. Sie dient dazu, den Programmablauf zu steuern und kann Rückgabewerte liefern, die den Erfolg oder Misserfolg der Programmausführung signalisieren."
90,,134.0,,"32,56,59,90",Klassen,59,1.0,1.0,f9f9b4de-a3f5-479d-87ff-64c667249c0b,,e5df224f-71e7-40c2-af7c-357ba53ffda9,,,,"Klassen sind grundlegende Bausteine in der objektorientierten Programmierung, die es ermöglichen, Daten und Funktionen, die auf diese Daten operieren, in einer einzigen Einheit zu kapseln. Sie bieten eine strukturierte Möglichkeit, komplexe Datentypen zu definieren und zu manipulieren, was die Modularität und Wiederverwendbarkeit des Codes erhöht."
91,,135.0,,"32,56,59,90,91",Konstruktoren und Destruktoren,90,1.0,1.0,ef9299c7-3bfc-47ae-bc94-1397ccaf489c,,c673631c-d057-4f72-bba5-d93b82fd2814,,,,"Konstruktoren sind spezielle Methoden, die beim Erstellen eines Objekts aufgerufen werden, um es zu initialisieren, während Destruktoren aufgerufen werden, wenn ein Objekt zerstört wird, um Ressourcen freizugeben. Diese Mechanismen sind essenziell, um eine effiziente Speicherverwaltung und korrekte Initialisierung von Objekten sicherzustellen."
92,,136.0,,"32,56,59,90,92",Überladen von Operatoren,90,1.0,1.0,cc15fbb8-4aff-463a-9ed4-8c74e3827d9c,,cc151660-d46a-417a-ad52-623a83d25a2b,,,,"Das Überladen von Operatoren ermöglicht es, benutzerdefinierte Datentypen in C++ so zu gestalten, dass sie sich wie eingebaute Datentypen verhalten, indem man Standardoperatoren wie +, -, * und / für diese Typen definiert. Dies erleichtert die Lesbarkeit und Wartbarkeit des Codes, da komplexe Operationen auf benutzerdefinierten Datentypen intuitiv und konsistent durchgeführt werden können."
93,91,137.0,,"32,56,59,90,93",Trennung von Deklaration und Definition,90,1.0,1.0,472cdd72-a159-4253-b4a2-e24c92763f34,,b95d95be-015f-493b-b4cf-1b6b73d5ce2f,,,,"In der Programmierung ist es wichtig, zwischen der Deklaration und der Definition von Funktionen und Variablen zu unterscheiden. Die Deklaration informiert den Compiler über den Namen und den Typ, während die Definition den tatsächlichen Speicherplatz reserviert und den initialen Wert festlegt."
94,,138.0,,"32,56,59,90,94",Standard Library,90,1.0,1.0,38926c69-c4cd-4b3c-a34f-fbc0dbc1d1e9,,e61f47be-e99b-494c-ba8d-f7bcce18b0fd,,,,"Die Standardbibliothek in C++ bietet eine Vielzahl vorgefertigter Funktionen und Klassen, die häufig benötigte Operationen und Datenstrukturen effizient implementieren. Sie erleichtert die Entwicklung, indem sie bewährte Lösungen für gängige Programmierprobleme bereitstellt und so die Notwendigkeit reduziert, grundlegende Algorithmen und Datenstrukturen von Grund auf neu zu implementieren."
95,,139.0,,"32,56,59,95",Debugger,59,1.0,1.0,c5fe9708-a2a4-4686-a0cc-ec18d4411f59,,4967212d-4bc8-4a7a-ac48-4d1e2b5ee01a,,,,"Ein Debugger ist ein Werkzeug, das Programmierern hilft, Fehler in ihrem Code zu finden und zu beheben, indem es die Ausführung des Programms Schritt für Schritt verfolgt und den Zustand von Variablen und Speicher anzeigt. Durch die Nutzung eines Debuggers können Entwickler effizienter arbeiten, da sie gezielt nach Problemen suchen und diese in Echtzeit analysieren können."
96,9,,,,Grundlegende Datenstrukturen,1,,,,,,,,,"Grundlegende Datenstrukturen wie Arrays, Listen, Stapel und Warteschlangen sind essenziell für die effiziente Speicherung und Verwaltung von Daten. Sie ermöglichen es, Algorithmen effektiv zu implementieren und die Leistung von Programmen zu optimieren."
97,,52.0,,"96,97",Sequentielle Datenstrukturen,96,1.0,1.0,3fbd7b65-7051-4960-a7df-1397c0d5a39d,,c25cbe21-014a-4387-8336-ebf4c5697e8b,,,,"Sequentielle Datenstrukturen wie Arrays und Listen ermöglichen die Speicherung und den Zugriff auf Daten in einer festgelegten Reihenfolge, was effiziente Durchläufe und Manipulationen der Elemente erlaubt. Diese Strukturen sind grundlegend für die Implementierung vieler Algorithmen, da sie eine geordnete und oft indexbasierte Verwaltung von Daten unterstützen."
98,,,,,Liste,97,,,,,,,,,"Eine Liste ist eine dynamische Datenstruktur, die eine geordnete Sammlung von Elementen speichert und effiziente Einfügungs- und Löschoperationen ermöglicht. In C++ können Listen mithilfe der Standard Template Library (STL) implementiert werden, die Funktionen wie `push_back`, `insert` und `erase` bereitstellt, um die Verwaltung der Elemente zu erleichtern."
99,,53.0,,"96,97,98,99",Verkettete Liste,98,1.0,1.0,bf0b5f8a-8e2e-4cb6-a309-6676014167a6,,6929c29c-f454-42b2-b3e7-1c1183e0abb9,,,,"Eine verkettete Liste ist eine dynamische Datenstruktur, bei der Elemente in Knoten gespeichert werden, die jeweils einen Verweis auf den nächsten Knoten enthalten. Diese Struktur ermöglicht effiziente Einfügungen und Löschungen von Elementen, da keine Verschiebungen wie bei Arrays erforderlich sind."
100,,54.0,,"96,97,98,99,100",Arbeiten in Listen,99,1.0,1.0,354b72fb-e06d-4b6e-b38c-965c69b356b4,,b049f591-744b-4716-aed8-1f3c593cd0e1,,,,"Listen sind dynamische Datenstrukturen, die es ermöglichen, Elemente flexibel hinzuzufügen, zu entfernen und zu durchsuchen, was sie besonders nützlich für Anwendungen macht, bei denen die Anzahl der Elemente nicht im Voraus bekannt ist. In C++ können Listen mithilfe der Standard Template Library (STL) implementiert werden, die effiziente Methoden für die Verwaltung und Manipulation von Listenelementen bereitstellt."
101,,55.0,,"96,97,98,99,100,101",Einfügen von Listenelementen,100,1.0,1.0,95a27e37-b8b8-4efe-be4f-990145d2a05d,,dba2b419-677c-48c0-b497-7c5da00d43d8,,,,"Das Einfügen von Listenelementen erfordert das Anpassen von Zeigern, um die Integrität der Datenstruktur zu bewahren. Dabei wird zwischen dem Einfügen am Anfang, in der Mitte oder am Ende der Liste unterschieden, wobei jede Methode unterschiedliche Schritte und Komplexitäten aufweist."
102,,56.0,,"96,97,98,99,100,102",Löschen von Listenelementen,100,1.0,1.0,50325c2f-b272-4881-be7b-4f9b27f0f3a2,,c613e5c3-e948-4b46-abf4-87b85a7d6570,,,,"Das Löschen von Listenelementen in C++ erfordert das sorgfältige Verwalten von Zeigern, um Speicherlecks und undefiniertes Verhalten zu vermeiden. Dabei ist es wichtig, die Verbindungen zwischen den verbleibenden Elementen korrekt anzupassen, um die Integrität der Datenstruktur zu gewährleisten."
103,99,57.0,,"96,97,98,103",Doppelt verkettete Liste,98,1.0,1.0,e93aab67-03b8-45d3-907b-19f95668f3a8,,274dcfad-3f63-4a9b-b994-8cdb43a92aa1,,,,"Eine doppelt verkettete Liste ist eine Datenstruktur, bei der jedes Element auf das vorherige und das nächste Element verweist, was effizientes Einfügen und Löschen von Elementen an beliebigen Positionen ermöglicht. Diese Struktur bietet im Vergleich zu einfach verketteten Listen den Vorteil, dass man sich in beide Richtungen durch die Liste bewegen kann."
104,,58.0,,"96,97,98,103,104",Einfügen von Listenelementen,103,1.0,1.0,acb90e83-3612-4caa-860e-55d0b0c8724b,,2018adfb-e715-4f72-ab68-91ad49a8eb06,,,,"Das Einfügen von Listenelementen erfordert das Anpassen von Zeigern, um die Integrität der Liste zu bewahren und sicherzustellen, dass alle Elemente korrekt verbunden sind. Dabei ist es wichtig, die verschiedenen Szenarien wie das Einfügen am Anfang, in der Mitte oder am Ende der Liste zu berücksichtigen, um die Effizienz und Korrektheit des Algorithmus zu gewährleisten."
105,104,59.0,,"96,97,98,103,105",Löschen von Listenelementen,103,1.0,1.0,af1d7235-437a-4049-b9e3-149676100b9e,,9fb25707-dde0-4c99-b7b9-62719628066a,,,,"Das Löschen von Listenelementen in C++ erfordert das sorgfältige Verwalten von Zeigern, um Speicherlecks und undefiniertes Verhalten zu vermeiden. Dabei ist es wichtig, die Verbindungen zwischen den verbleibenden Elementen korrekt anzupassen, um die Integrität der Datenstruktur zu gewährleisten."
106,,60.0,,"96,97,106",Stapel,97,1.0,1.0,3f485fcb-0951-46ba-9ef4-2bfee494c540,,5f49e2d4-dd24-49df-bb3e-be7ff9da097e,,,,"Ein Stapel ist eine Datenstruktur, die nach dem Prinzip ""Last In, First Out"" (LIFO) arbeitet, wobei das zuletzt hinzugefügte Element als erstes entfernt wird. Typische Operationen umfassen das Hinzufügen (Push) und Entfernen (Pop) von Elementen, was in vielen Algorithmen zur Verwaltung von Daten und zur Implementierung von Rückverfolgungsmechanismen nützlich ist."
107,106,61.0,,"96,97,107",Warteschlangen,97,1.0,1.0,8b7296a5-4e17-472d-ba69-6bcbac80c20a,,4932baa1-bfb8-49cb-a140-bc05d5572667,,,,"Warteschlangen sind lineare Datenstrukturen, die das FIFO-Prinzip (First In, First Out) verwenden, um Elemente in der Reihenfolge ihrer Ankunft zu verarbeiten. Sie sind besonders nützlich für Anwendungen wie Aufgabenplanung und Ressourcenverwaltung, bei denen die Reihenfolge der Verarbeitung entscheidend ist."
108,,62.0,,"96,97,108",STL,97,1.0,1.0,50c13e75-2c44-41ec-bdaf-a1c8c6eeca7a,,391b8387-2e09-4c28-b95a-b7c157fa623d,,,,"Die Standard Template Library (STL) in C++ bietet eine Sammlung von generischen Klassen und Funktionen, die häufig verwendete Datenstrukturen und Algorithmen implementieren. Sie erleichtert die effiziente und wiederverwendbare Programmierung, indem sie Werkzeuge wie Vektoren, Listen, Stapel, Warteschlangen und Algorithmen zur Verfügung stellt."
109,,,,,Bäume und Graphen,96,,,,,,,,,"Bäume und Graphen sind fundamentale Datenstrukturen, die zur effizienten Organisation und Verarbeitung von Daten verwendet werden. Während Bäume eine hierarchische Struktur mit Knoten und Kanten darstellen, ermöglichen Graphen die Modellierung komplexer Netzwerke durch die Verbindung von Knoten in vielfältigen Mustern."
110,,63.0,,"96,109,110",Bäume,109,1.0,1.0,a24aff31-e543-41e0-8fab-e39df6013fa8,,587eaed5-9ffb-4fb2-a168-5854e7d0b113,,,,"Bäume sind hierarchische Datenstrukturen, die aus Knoten bestehen und zur effizienten Organisation und Verwaltung von Daten verwendet werden. Sie ermöglichen schnelle Such-, Einfüge- und Löschoperationen, was sie besonders nützlich für Anwendungen wie Datenbanken und Dateisysteme macht."
111,,64.0,,"96,109,110,111",Binärer Baum,110,1.0,1.0,a7bffa7b-82cd-46c7-a546-1505f792d532,,be2e3fd3-9bf1-4922-8c30-5cc2bbe4edd4,,,,"Ein binärer Baum ist eine Datenstruktur, bei der jeder Knoten höchstens zwei Kinder hat, die als linker und rechter Nachfolger bezeichnet werden. Diese Struktur ermöglicht effiziente Such-, Einfüge- und Löschoperationen, was sie besonders nützlich für die Implementierung von Suchalgorithmen und hierarchischen Datenmodellen macht."
112,,65.0,,"96,109,110,111,112",Implementierung,111,1.0,1.0,e6bf1a31-b4d8-4968-b7cb-f51d55a22408,,1c0a7bc6-663c-4f6a-9585-b5510bfac66f,,,,"Die Implementierung bezieht sich auf den Prozess der konkreten Ausarbeitung und Codierung von Algorithmen und Datenstrukturen, um sie funktionsfähig und effizient zu machen. Dabei werden theoretische Konzepte in ausführbare Programme übersetzt, wobei Aspekte wie Speicherverwaltung, Laufzeitoptimierung und Fehlerbehandlung eine zentrale Rolle spielen."
113,,66.0,,"96,109,110,111,113",Traversierung,111,1.0,1.0,5df449de-81f3-480f-910f-09fb86d03816,,8be7b982-a8b2-4c86-9ed1-ddc36ec458a9,,,,"Traversierung bezeichnet den systematischen Besuch aller Knoten eines Datenstrukturtyps, wie z.B. Bäumen oder Graphen, um bestimmte Operationen durchzuführen oder Informationen zu sammeln. In C++ werden dafür häufig rekursive oder iterative Algorithmen verwendet, die je nach Struktur und Anwendungsfall unterschiedliche Traversierungsstrategien wie Tiefensuche oder Breitensuche anwenden."
114,111,67.0,,"96,109,110,114",Binärer Suchbaum,110,1.0,1.0,d0335df5-a3b3-4355-a687-24fabe5747a3,,0b655fe6-9c88-46b8-ad71-501b670266e8,,,,"Ein binärer Suchbaum ist eine spezielle Art von binärem Baum, bei dem jeder Knoten höchstens zwei Kinder hat und die linke Unterstruktur nur Knoten mit kleineren Werten und die rechte Unterstruktur nur Knoten mit größeren Werten enthält. Diese Struktur ermöglicht effiziente Such-, Einfüge- und Löschoperationen, da sie die Daten in einer geordneten Weise speichert."
115,,68.0,,"96,109,110,114,115",Implementierung,114,1.0,1.0,1c874593-8555-467a-a936-a46cd4ca3f61,,59df47c5-f2d5-4e59-a346-ba5faf117dbc,,,,"Die Implementierung bezieht sich auf den Prozess der konkreten Ausarbeitung und Codierung eines Algorithmus in einer Programmiersprache, um eine bestimmte Aufgabe zu lösen. Dabei werden abstrakte Konzepte und Datenstrukturen in ausführbare Programme umgewandelt, wobei Effizienz und Korrektheit im Vordergrund stehen."
116,,69.0,,"96,109,110,114,116",Suchen,114,1.0,1.0,002edb5f-daf2-4cfb-abfb-f15aa3910eee,,953376eb-3538-4c0a-89b7-68cf9cd1329c,,,,"Das Suchen ist ein grundlegender Prozess in der Informatik, bei dem ein bestimmtes Element innerhalb einer Datenstruktur identifiziert wird. Effiziente Suchalgorithmen wie die lineare Suche und die binäre Suche sind entscheidend, um die Leistung von Programmen zu optimieren und schnelle Zugriffe auf Daten zu ermöglichen."
117,,70.0,,"96,109,110,114,116,117",Mehrfache Schlüssel,116,1.0,1.0,77b70435-d43e-41cd-b9a6-7b9cb48a3122,,d6dec2aa-2523-4aba-b537-1f6edac2a9d7,,,,"Mehrfache Schlüssel ermöglichen es, mehrere Werte in einer Datenstruktur effizient zu speichern und abzurufen, indem sie verschiedene Schlüssel für die gleiche Datenmenge verwenden. Dies verbessert die Flexibilität und Effizienz bei der Datenverwaltung und -suche, indem es ermöglicht, Daten auf verschiedene Weisen zu indizieren und zuzugreifen."
118,,71.0,,"96,109,110,114,118",Einfügen,114,1.0,1.0,72766d08-c2ce-46db-8a3d-a57ead017608,,61903353-2d7c-450c-a1d9-4d37db41660d,,,,"Das Einfügen ist ein grundlegender Vorgang in der Informatik, bei dem ein neues Element in eine bestehende Datenstruktur wie ein Array, eine Liste oder einen Baum eingefügt wird. Dieser Prozess erfordert oft das Verschieben von Elementen und kann je nach Datenstruktur und Implementierung unterschiedliche Komplexitäten aufweisen."
119,118,72.0,,"96,109,110,114,119",Löschen,114,1.0,1.0,48fb5f01-edff-40cd-9be4-97fb98e5076d,,0d22b0ba-1457-47d8-8f1c-f604e1b7ff7f,,,,"Das Löschen von Elementen in Datenstrukturen erfordert sorgfältige Planung, um die Integrität und Effizienz der Struktur zu gewährleisten. Dabei müssen oft Zeiger und Speicherverwaltung berücksichtigt werden, um Speicherlecks und unerwartetes Verhalten zu vermeiden."
120,119,73.0,,"96,109,110,114,120",AVL,114,1.0,1.0,1ec09063-02cd-4f83-9c3c-42fd603bdd86,,41891430-715b-4de0-8eaa-08e31ff8745e,,,,"AVL-Bäume sind selbstbalancierende binäre Suchbäume, die nach den Erfindern Adelson-Velsky und Landis benannt sind. Sie gewährleisten durch Rotationen eine logarithmische Höhe, was effiziente Such-, Einfüge- und Löschoperationen ermöglicht."
121,110,74.0,,"96,109,121",Graphen,109,1.0,1.0,bb01abe4-5fda-4f48-90e5-adb68bbe1db9,,2d2555ab-1d8f-4a57-a399-ac7c4cb09d1d,,,,"Graphen sind mathematische Strukturen, die aus Knoten (auch als Ecken bezeichnet) und Kanten bestehen und zur Modellierung von Netzwerken und Beziehungen verwendet werden. Sie ermöglichen die effiziente Darstellung und Analyse von Verbindungen und Pfaden, was in vielen Anwendungen wie Routenplanung, sozialen Netzwerken und Kommunikationssystemen von zentraler Bedeutung ist."
122,,75.0,,"96,109,121,122",Teilgraphen und Isomorphie,121,1.0,1.0,79c85457-877d-4a03-a00a-5ddc71f8cf28,,69e772a7-d844-4789-be9e-009063ffcb97,,,,"Ein Teilgraph ist ein Graph, der durch die Auswahl einer Teilmenge der Knoten und der zugehörigen Kanten eines größeren Graphen entsteht. Zwei Graphen sind isomorph, wenn es eine bijektive Abbildung zwischen ihren Knoten gibt, die die Kantenstruktur erhält, was bedeutet, dass die Graphen strukturell identisch sind."
123,122,76.0,,"96,109,121,123",Speicherung,121,1.0,1.0,a867ff9b-cf10-47de-9cd3-0df5e74f08bc,,293bfb97-d353-4f60-adf0-0e31c0fe2fb1,,,,"Speicherung bezieht sich auf die Art und Weise, wie Daten in einem Computersystem organisiert und abgelegt werden, um effizienten Zugriff und Manipulation zu ermöglichen. Verschiedene Datenstrukturen wie Arrays, Listen und Bäume bieten unterschiedliche Methoden zur Speicherung und Verwaltung von Daten, um spezifische Anforderungen und Optimierungen zu erfüllen."
124,123,77.0,,"96,109,121,124",Gewichtete Graphen,121,1.0,1.0,1910a869-da36-4236-8822-d1133d50e4b6,,55cc077b-753a-45e4-af1d-df0a84a17c74,,,,"Gewichtete Graphen sind Strukturen, bei denen Kanten zwischen Knoten mit Gewichten versehen sind, die oft Kosten, Entfernungen oder andere relevante Werte repräsentieren. Diese Graphen ermöglichen die Anwendung von Algorithmen zur Optimierung von Pfaden und Netzwerken, wie z.B. Dijkstra's Algorithmus zur Bestimmung der kürzesten Wege."
125,124,78.0,,"96,109,121,125",Implementierung,121,1.0,1.0,1e699720-35f1-4e07-9a74-bdb76ef2bd1b,,69e67de4-e4b1-4489-869b-2b04bfac7f36,,,,"Die Implementierung bezieht sich auf den Prozess der konkreten Ausarbeitung und Codierung eines Algorithmus in einer Programmiersprache, um eine bestimmte Aufgabe zu lösen. Dabei werden Datenstrukturen verwendet, um die Organisation und Verwaltung der Daten effizient zu gestalten und die Leistungsfähigkeit des Programms zu optimieren."
126,125,,,,Traversierung,121,,,,,,,,,"Traversierung bezeichnet den Prozess des systematischen Besuchens aller Knoten in einer Datenstruktur wie einem Baum oder Graphen. Dabei werden verschiedene Strategien wie Tiefensuche (DFS) und Breitensuche (BFS) verwendet, um die Knoten in einer bestimmten Reihenfolge zu durchlaufen und zu verarbeiten."
127,,79.0,,"96,109,121,126,127",Tiefensuche,126,1.0,1.0,bd0825d7-2734-4606-b7c8-02364d1bbd0d,,258d9439-b8cc-4092-90b5-1ac8123fa5fb,,,,"Die Tiefensuche (Depth-First Search, DFS) ist ein Algorithmus zur Durchsuchung oder Traversierung von Graphen und Baumstrukturen, bei dem man so tief wie möglich in die Struktur eindringt, bevor man zurückverfolgt und alternative Pfade untersucht. Sie kann rekursiv oder iterativ implementiert werden und ist nützlich für Aufgaben wie das Finden von Pfaden, Zyklen und zusammenhängenden Komponenten."
128,,80.0,,"96,109,121,126,128",Breitensuche,126,1.0,1.0,25c2bbb8-2b18-4b93-9a3e-577565745099,,8b49c83f-1896-4af6-96a9-c2e2fa9d0f82,,,,"Die Breitensuche (Breadth-First Search, BFS) ist ein Algorithmus zur Durchsuchung oder Traversierung von Graphen, der alle Knoten auf der aktuellen Ebene vollständig erkundet, bevor er zu den Knoten der nächsten Ebene übergeht. Sie verwendet eine Warteschlange, um die zu besuchenden Knoten zu verwalten, und ist besonders nützlich für die Ermittlung kürzester Pfade in ungewichteten Graphen."
129,,81.0,,"96,109,121,129",Minimale Spannbäume,121,1.0,1.0,7722a5d7-83eb-4bf0-82fc-0a9ace45069f,,31ba60b8-4c9e-4357-b920-d371c00aa851,,,,"Ein minimaler Spannbaum ist ein Teilgraph eines gewichteten Graphen, der alle Knoten verbindet und die Summe der Kantengewichte minimiert. Bekannte Algorithmen zur Bestimmung minimaler Spannbäume sind Kruskal's Algorithmus und Prim's Algorithmus, die effiziente Lösungen für dieses Optimierungsproblem bieten."
130,,82.0,,"96,109,121,129,130",Prim-Algorithmus,129,1.0,1.0,50e2b214-97d2-4c05-8017-19f6a7ad35d3,,b1d72a2a-cc54-4a21-8fd5-862b9b320e36,,,,"Der Prim-Algorithmus ist ein Greedy-Algorithmus zur Bestimmung eines minimalen Spannbaums in einem zusammenhängenden, ungerichteten Graphen, indem er schrittweise die Kanten mit den geringsten Kosten auswählt, die den Baum erweitern, ohne Zyklen zu erzeugen. In C++ kann der Algorithmus effizient implementiert werden, indem Datenstrukturen wie Prioritätswarteschlangen und Adjazenzlisten verwendet werden, um die Laufzeit zu optimieren."
131,,83.0,,"96,109,121,129,131",Kruskal-Algorithmus,129,1.0,1.0,411c2196-2678-4435-9435-853996a08768,,b1cb8bb2-84d2-4c72-a5d4-4a7aa6dc662c,,,,"Der Kruskal-Algorithmus ist ein gieriger Algorithmus zur Bestimmung eines minimalen Spannbaums in einem gewichteten, ungerichteten Graphen. Er arbeitet, indem er die Kanten des Graphen nach aufsteigender Gewichtung sortiert und dann sukzessive die Kanten hinzufügt, die keinen Zyklus bilden, bis alle Knoten verbunden sind."
132,,84.0,,"96,109,121,132",Transitive Hülle,121,1.0,1.0,31eb1997-8b32-4b08-b41e-6ef5449c5d32,,fbb787bc-16da-4628-89a8-a30ef72292e2,,,,"Die transitive Hülle eines gerichteten Graphen ist die Erweiterung des Graphen, bei der für jedes Paar von Knoten, zwischen denen ein Pfad existiert, eine direkte Kante hinzugefügt wird. Dies ermöglicht es, effizient zu überprüfen, ob eine Verbindung zwischen zwei Knoten besteht, indem man lediglich die Existenz einer direkten Kante prüft."
133,,85.0,,"96,109,121,132,133",Warshall-Algorithmus,132,1.0,1.0,b4559b53-847e-403f-b2d5-80f3656da923,,0e2a74a6-984c-47a8-8d8c-1bd4f052b658,,,,"Der Warshall-Algorithmus ist ein effizienter Algorithmus zur Berechnung des Transitivabschlusses einer gerichteten Graphen, indem er die Erreichbarkeit zwischen allen Knotenpaaren bestimmt. Er verwendet eine Matrixdarstellung des Graphen und hat eine Zeitkomplexität von O(n³), wobei n die Anzahl der Knoten ist."
134,,86.0,,"96,109,121,134",Topologische Sortierung,121,1.0,1.0,b40f222d-c50d-4cb9-b778-67668fffac6e,,56980493-caab-4fe3-914c-029911b4471a,,,,"Die topologische Sortierung ist ein Verfahren zur linearen Anordnung der Knoten eines gerichteten azyklischen Graphen (DAG), sodass für jede gerichtete Kante von Knoten u nach Knoten v der Knoten u vor dem Knoten v in der Anordnung erscheint. Dieses Konzept ist besonders nützlich für Aufgaben wie die Planung von Abhängigkeiten und die Reihenfolge von Ausführungen, beispielsweise bei der Kompilierung von Programmen oder der Organisation von Projektaufgaben."
135,,87.0,,"96,109,121,135",Kürzeste Verbidung zwischen Knoten,121,1.0,1.0,bd74b604-ac66-4d6c-abee-33e898b270a7,,2a0cfa7e-7bf4-4e49-b772-8a1c90941ce3,,,,"Die Bestimmung der kürzesten Verbindung zwischen Knoten in einem Graphen ist ein zentrales Problem, das durch Algorithmen wie Dijkstra oder den Bellman-Ford-Algorithmus gelöst werden kann. Diese Algorithmen nutzen Datenstrukturen wie Prioritätswarteschlangen und Adjazenzlisten, um effizient die minimalen Pfade in gewichteten Graphen zu berechnen."
136,,88.0,,"96,109,121,135,136",Dijkstra-Algorithmus,135,1.0,1.0,ebc88923-1bdc-4e82-b39c-cbdec95a8798,,f529b3fc-deb1-4fab-8971-1f77f8bfe298,,,,"Der Dijkstra-Algorithmus ist ein effizienter Algorithmus zur Bestimmung der kürzesten Pfade in einem Graphen mit nicht-negativen Kantengewichten. Er verwendet eine Prioritätswarteschlange, um iterativ den kürzesten bekannten Pfad zu erweitern, bis alle kürzesten Pfade von einem Startknoten zu allen anderen Knoten gefunden sind."
137,,89.0,,"96,109,121,135,137",Floyd-Algorithmus,135,1.0,1.0,2883f961-8a4b-41a7-857b-4cc8b324c872,,25c4a69e-8ca2-4430-b4a0-886c4fd13789,,,,"Der Floyd-Algorithmus, auch bekannt als Floyd-Warshall-Algorithmus, dient zur Berechnung der kürzesten Pfade zwischen allen Paaren von Knoten in einem gewichteten Graphen. Er verwendet eine dynamische Programmiertechnik, um die Lösung in einer Zeitkomplexität von O(n³) zu finden, wobei n die Anzahl der Knoten im Graphen ist."
138,"32,96",,,,Grundlegende Algorithmen,1,,,,,,,,,Grundlegende Algorithmen wie Sortier- und Suchalgorithmen sind essenziell für die effiziente Verarbeitung und Organisation von Daten. Sie bilden die Basis für komplexere Anwendungen und sind entscheidend für die Optimierung der Laufzeit und Ressourcennutzung in der Softwareentwicklung.
139,,,,,Suchen und Sortieren von Daten,138,,,,,,,,,"Effiziente Such- und Sortieralgorithmen sind entscheidend, um große Datenmengen schnell und präzise zu verarbeiten. Durch die Anwendung verschiedener Techniken wie binäre Suche, Quicksort und Mergesort können Programme optimiert werden, um die Leistung und Reaktionsfähigkeit zu verbessern."
140,,90.0,,"138,139,140",Suchen,139,1.0,1.0,2e66d789-d230-47b7-a556-ff3f14e2ce4d,,17aaebd0-548a-475f-82b2-1d2b1ff200bb,,,,"Das Suchen ist ein grundlegender Prozess in der Informatik, bei dem ein bestimmtes Element innerhalb einer Datenstruktur identifiziert wird. Effiziente Suchalgorithmen wie die lineare Suche und die binäre Suche sind entscheidend, um die Leistung von Programmen zu optimieren und schnelle Zugriffe auf Daten zu ermöglichen."
141,,91.0,,"138,139,140,141",Sequentielle Suche,140,1.0,1.0,afb352bf-5431-4a48-a72e-168d9d3a1e30,,273baf19-7716-4b32-8436-a803247c576e,,,,"Die sequentielle Suche ist ein grundlegender Algorithmus, der ein Element in einer Liste findet, indem er jedes Element der Reihe nach überprüft, bis das gesuchte Element gefunden oder das Listenende erreicht ist. Dieser Ansatz ist einfach zu implementieren, aber bei großen Datenmengen ineffizient, da seine Laufzeit linear zur Anzahl der Elemente in der Liste ist."
142,141,92.0,,"138,139,140,142",Binäre Suche,140,1.0,1.0,3a09d7cf-fe03-4ae4-b3b0-1fbbba62901a,,901a09c9-3c7c-42e3-bf0f-9c4f0777e000,,,,"Die binäre Suche ist ein effizienter Algorithmus zur Auffindung eines Elements in einer sortierten Liste, indem sie die Liste wiederholt in zwei Hälften teilt und die Suche auf die relevante Hälfte beschränkt. Dieser Ansatz reduziert die durchschnittliche Laufzeit auf logarithmische Komplexität, was ihn besonders nützlich für große Datensätze macht."
143,142,93.0,,"138,139,140,143",Hashing,140,1.0,1.0,25005314-6def-4906-bbb3-7d2351e00b1e,,95238d2f-8531-4277-bde2-a5fabe367ba1,,,,"Hashing ist eine Technik zur effizienten Datenverwaltung, bei der ein Hash-Algorithmus verwendet wird, um Daten in einer Hash-Tabelle zu speichern und schnell wiederzufinden. Durch die Zuordnung von Schlüsseln zu Speicherplätzen ermöglicht Hashing eine schnelle Suche, Einfügung und Löschung von Daten, was es zu einem wichtigen Werkzeug in der Informatik macht."
144,,94.0,,"138,139,144",Sortieren,139,1.0,1.0,2077a528-4dad-48ce-a7d2-9f8a2054a455,,0dea440e-a589-4ba3-ad75-bd435851c103,,,,"Sortieralgorithmen sind essenziell, um Daten effizient zu ordnen und den Zugriff auf sie zu optimieren. Zu den gängigen Methoden gehören der Bubble Sort, der Selection Sort und der Quick Sort, die jeweils unterschiedliche Ansätze und Effizienzgrade aufweisen."
145,,95.0,,"138,139,144,145",Selection-Sort,144,1.0,1.0,aa79d0d8-36cd-4443-ad90-b951b9634cf7,,7b931633-c7b6-4312-ab61-9588c338eb73,,,,"Selection-Sort ist ein einfacher, aber ineffizienter Sortieralgorithmus, der wiederholt das kleinste (oder größte) Element aus der unsortierten Teilliste auswählt und an die richtige Position in der sortierten Teilliste verschiebt. Der Algorithmus hat eine Zeitkomplexität von O(n²) und eignet sich daher eher für kleine Datenmengen."
146,,96.0,,"138,139,144,146",Insertion-Sort,144,1.0,1.0,09b28892-e803-4d07-a84d-c0d90b7746fd,,179efc05-c404-4bed-9c06-912138c3961f,,,,"Insertion-Sort ist ein einfacher, aber ineffizienter Sortieralgorithmus, der Elemente einer Liste schrittweise in die richtige Position einfügt, indem er sie mit den bereits sortierten Elementen vergleicht und verschiebt. Obwohl er für kleine oder fast sortierte Datenmengen geeignet ist, skaliert seine Laufzeit von O(n²) schlecht bei größeren Datensätzen."
147,,97.0,,"138,139,144,147",Bubble-Sort,144,1.0,1.0,7f53cf8c-d9fe-4f86-9f48-1a3e09f9aa59,,720b81e1-4d80-4aa4-b842-6e38b0983493,,,,"Bubble-Sort ist ein einfacher Vergleichs-basierter Sortieralgorithmus, der wiederholt benachbarte Elemente vertauscht, wenn sie in der falschen Reihenfolge stehen, bis die Liste vollständig sortiert ist. Trotz seiner Einfachheit und leichten Implementierbarkeit in C++ ist er aufgrund seiner ineffizienten Laufzeit von O(n^2) für große Datenmengen weniger geeignet."
148,146,98.0,,"138,139,144,148",Shell-Sort,144,1.0,1.0,09a763e1-1de6-4efb-8a63-218d1982e36a,,99c9aa3c-6096-4465-bb77-ada5b005ea92,,,,"Shell-Sort ist ein effizienter Vergleichssortieralgorithmus, der durch schrittweise Reduzierung des Abstands zwischen zu vergleichenden Elementen eine verbesserte Version des Insertion-Sort darstellt. Er beginnt mit einem großen Abstand und verringert diesen sukzessive, wodurch größere Teillisten schneller sortiert werden und letztlich eine nahezu sortierte Liste entsteht, die abschließend mit Insertion-Sort bearbeitet wird."
149,,99.0,,"138,139,144,149",Quick-Sort,144,1.0,1.0,7e2b7b8c-2269-418d-8fb9-b3ffdc8c45da,,9003f53e-0298-4b17-a50f-c3ab0b91fbd7,,,,"Quick-Sort ist ein effizienter, rekursiver Sortieralgorithmus, der das Prinzip des ""Teile und Herrsche"" anwendet, indem er ein Pivot-Element auswählt und das zu sortierende Array in zwei Teile aufteilt, die jeweils kleiner oder größer als das Pivot-Element sind. Durch wiederholtes Anwenden dieses Prozesses auf die Teilarrays erreicht Quick-Sort im Durchschnitt eine Laufzeit von O(n log n), was ihn besonders für große Datenmengen geeignet macht."
150,,100.0,,"138,139,144,150",Heap,144,1.0,1.0,742232eb-d298-4611-979c-ae29dee75afa,,b8cd3257-c254-4b9f-9f95-b575a577bfe7,,,,"Ein Heap ist eine spezielle Baumstruktur, die die Heap-Eigenschaft erfüllt, bei der in einem Max-Heap jedes Elternteil größer oder gleich seinen Kindern ist und in einem Min-Heap jedes Elternteil kleiner oder gleich seinen Kindern. Diese Struktur ermöglicht effiziente Implementierungen von Prioritätswarteschlangen, da sowohl das Einfügen als auch das Entfernen des höchsten (oder niedrigsten) Elements in logarithmischer Zeit erfolgen kann."
151,,101.0,,"138,139,144,151",Merge-Sort,144,1.0,1.0,495c6178-5680-4a26-8727-e23eb5cd9fd6,,aacfe7c6-9259-414a-b148-1092570d34ca,,,,"Merge-Sort ist ein effizienter, stabiler Sortieralgorithmus, der das Prinzip ""Teile und Herrsche"" verwendet, um eine Liste in kleinere Teilmengen zu zerlegen und diese rekursiv zu sortieren, bevor sie wieder zusammengeführt werden. In C++ kann Merge-Sort durch rekursive Funktionen und dynamische Speicherverwaltung implementiert werden, um große Datenmengen effektiv zu sortieren."
